algorithm,n,average_waste
FFD,10,0.4106923453613239
FFD,100,0.5853015187659781
FFD,500,0.5669026795631886
FFD,1000,0.6023467330966668
FFD,2500,0.62938119625004
FFD,5000,0.5682690693473831
FFD,10000,0.6164699106789271
