algorithm,n,average_waste
NF,10,0.5106923453613239
NF,100,2.585301518765978
NF,500,12.066902679563189
NF,1000,23.402346733096667
NF,2500,57.77938119625004
NF,5000,114.46826906934739
NF,10000,230.4664699106789
