algorithm,n,average_waste
BFD,10,0.41069234536132376
BFD,100,0.5853015187659778
BFD,500,0.5669026795631986
BFD,1000,0.6023467330966824
BFD,2500,0.5793811962498865
BFD,5000,0.568269069347241
BFD,10000,0.6164699106789158
