algorithm,n,average_waste
BF,10,0.46069234536132386
BF,100,0.7353015187659782
BF,500,1.2169026795631885
BF,1000,1.6023467330966668
BF,2500,2.8793811962500397
BF,5000,4.168269069347383
BF,10000,6.866469910678927
