algorithm,n,average_waste
FF,10,0.46069234536132386
FF,100,0.7353015187659782
FF,500,1.3669026795631887
FF,1000,1.9523467330966668
FF,2500,3.27938119625004
FF,5000,5.268269069347383
FF,10000,8.366469910678926
