algorithm,slope,intercept,r_squared
FF,0.4229584837867943,-2.0580710457360722,0.9481309016201229
