algorithm,slope,intercept,r_squared
FFD,0.04875706361238599,-0.8906260942308528,0.6514424214142779
