algorithm,slope,intercept,r_squared
BF,0.3877992378253236,-1.95422039759982,0.9395584882905983
