algorithm,slope,intercept,r_squared
BFD,0.04561949424964076,-0.8820204853254038,0.6321213176939373
