algorithm,slope,intercept,r_squared
NF,0.8964472863247508,-2.957628250420373,0.9948683428986894
